{
  "dataset": {
    "rows": 31039,
    "train_rows": 24831,
    "validation_rows": 3104,
    "test_rows": 3104,
    "cost_labeled_rows": 0,
    "withdrawal_rate": 0.5425110345049776
  },
  "withdrawal": {
    "logistic_regression": {
      "auc_roc": 0.9278524472249172,
      "f1_withdrawn": 0.8502920381186597,
      "accuracy": 0.8431056701030928
    },
    "mlp_classifier": {
      "auc_roc": 0.9489637349034826,
      "f1_withdrawn": 0.8844431173484623,
      "accuracy": 0.8753221649484536
    }
  },
  "timeline": {
    "ridge_regression": {
      "mae_months": 25.2336234883217,
      "r2": 0.4413313650234485
    },
    "mlp_regressor": {
      "mae_months": 15.10590006622021,
      "r2": 0.8194620001998674
    }
  },
  "cost_bucket": {},
  "gpr_uncertainty": {}
}